{
   "32count":{
      "stream": true,
      "sounds":[
         "32count"
      ]
   },
    "oracion":{
        "sounds":[
         {
             "name": "oracion", 
              "stream": true
         }
         ]
   },
    "raidwait":{
        "sounds":[
         {
             "name": "raidwait", 
              "stream": true
         }
         ]
   },
    "raidstart":{
        "sounds":[
         {
             "name": "raidstart", 
              "stream": true
         }
         ]
   },
    "halloween":{
        "sounds":[
         {
             "name": "halloween", 
              "stream": true
         }
         ]
   },
   "109countdown":{
      "stream": true,
      "sounds":[
         "109countdown"
      ]
   },
    "racingbgm":{
        "sounds":[
         {
             "name": "racingbgm", 
              "stream": true
         }
         ]
   },
	"music.game": {
		"category": "music",
		"sounds": [
		{
			"name": "music/pixelmon/a_simple_moment_by_the_sea",
			"stream": true
		},
		{
			"name": "music/pixelmon/across_the_desert",
			"stream": true
		},
		{
			"name": "music/pixelmon/clear_skies",
			"stream": true
		},
		{
			"name": "music/pixelmon/dawn",
			"stream": true
		},
		{
			"name": "music/pixelmon/distant_shores",
			"stream": true
		},
		{
			"name": "music/pixelmon/dusk",
			"stream": true
		},
		{
			"name": "music/pixelmon/from_peak_to_peak",
			"stream": true
		},
		{
			"name": "music/pixelmon/journey_to_the_sky",
			"stream": true
		},
		{
			"name": "music/pixelmon/midnight",
			"stream": true
		},
		{
			"name": "music/pixelmon/moonlight",
			"stream": true
		},
		{
			"name": "music/pixelmon/nightfall",
			"stream": true
		},
		{
			"name": "music/pixelmon/on_the_wings_of_adventure",
			"stream": true
		},
		{
			"name": "music/pixelmon/pixelmon_waltz",
			"stream": true
		},
		{
			"name": "music/pixelmon/the_enchanted_forest",
			"stream": true
		},
		{
			"name": "music/pixelmon/the_frozen_land",
			"stream": true
		},
		{
			"name": "music/pixelmon/the_great_plains",
			"stream": true
		}		]
	},
   "click":{
      "stream": true,
      "sounds":[
         "click"
      ]
   },
   "click2":{
      "stream": true,
      "sounds":[
         "click2"
      ]
   },
   "error":{
      "stream": true,
      "sounds":[
         "error"
      ]
   },
   "whisper":{
      "stream": true,
      "sounds":[
         "whisper"
      ]
   },
   "12tl":{
      "stream": true,
      "sounds":[
         "12tl"
      ]
   },
   "rating":{
      "stream": true,
      "sounds":[
         "rating"
      ]
   },
   "cash":{
      "stream": true,
      "sounds":[
         "cash"
      ]
   },
   "ratingranking":{
      "stream": true,
      "sounds":[
         "ratingranking"
      ]
   },
    "art":{
        "sounds":[
         {
             "name": "art", 
              "stream": true
         }
         ]
   },
   "fever":{
      "stream": true,
      "sounds":[
         "fever"
      ]
   },
   "ratingstart":{
      "stream": true,
      "sounds":[
         "ratingstart"
      ]
   },
   "horse":{
      "stream": true,
      "sounds":[
         "horse"
      ]
   }, 
   "warp":{
      "stream": true,
      "sounds":[
         "warp"
      ]
   }, 
   "fish":{
      "stream": true,
      "sounds":[
         "fish"
      ]
   }, 
   "left":{
      "stream": true,
      "sounds":[
         "left"
      ]
   }, 
   "right":{
      "stream": true,
      "sounds":[
         "right"
      ]
   },
    "gym":{
        "sounds":[
         {
             "name": "gym", 
              "stream": true
         }
         ]
   },
   "horserunning":{
      "stream": true,
      "sounds":[
         "horserunning"
      ]
   }
}