{
	"parent": "item/handheld",
	"textures": {
		"layer0": "items/diamond_sword"
	},
	"overrides": [
		{ "predicate": {"damaged": 1, "damage": 0}, "model": "item/diamond_sword"},
		{ "predicate": {"damaged": 0, "damage": 0.0006402048655569782}, "model": "guis/warp"},
		{ "predicate": {"damaged": 0, "damage": 0.0012804097311139564}, "model": "guis/menu"},
		{ "predicate": {"damaged": 0, "damage": 0.0019206145966709346}, "model": "guis/sunmul"},
		{ "predicate": {"damaged": 0, "damage": 0.002560819462227913}, "model": "guis/jamsu"},
		{ "predicate": {"damaged": 0, "damage": 0.003201024327784891}, "model": "guis/wildwarp"},
		{ "predicate": {"damaged": 0, "damage": 0.0038412291933418692}, "model": "guis/chulsuk"},
		{ "predicate": {"damaged": 0, "damage": 0.004481434058898847}, "model": "guis/rating"},
		{ "predicate": {"damaged": 0, "damage": 0.005121638924455826}, "model": "guis/ratingbanlist"},
		{ "predicate": {"damaged": 0, "damage": 0.005761843790012804}, "model": "guis/ratingbanvote"},
		{ "predicate": {"damaged": 0, "damage": 0.006402048655569782}, "model": "guis/ratingdefbanlist1"},
		{ "predicate": {"damaged": 0, "damage": 0.00704225352112676}, "model": "guis/ratingdefbanlist2"},
		{ "predicate": {"damaged": 0, "damage": 0.0076824583866837385}, "model": "guis/ratingmatch"},
		{ "predicate": {"damaged": 0, "damage": 0.008322663252240717}, "model": "guis/ratingcancel"},
		{ "predicate": {"damaged": 0, "damage": 0.008962868117797694}, "model": "guis/ratingrank"},
		{ "predicate": {"damaged": 0, "damage": 0.009603072983354673}, "model": "guis/ratingranksingle"},
		{ "predicate": {"damaged": 0, "damage": 0.010243277848911651}, "model": "guis/ratingrankdouble"},
		{ "predicate": {"damaged": 0, "damage": 0.01088348271446863}, "model": "guis/ratingoption"},
		{ "predicate": {"damaged": 0, "damage": 0.011523687580025609}, "model": "guis/ratingguide"},
		{ "predicate": {"damaged": 0, "damage": 0.012163892445582586}, "model": "guis/ratingshop"},
		{ "predicate": {"damaged": 0, "damage": 0.012804097311139564}, "model": "guis/menu-general"},
		{ "predicate": {"damaged": 0, "damage": 0.013444302176696543}, "model": "guis/menu-warp"},
		{ "predicate": {"damaged": 0, "damage": 0.01408450704225352}, "model": "itemicon/legendary"}

	]
}