{
	"credit": "Made with Blockbench",
	"textures": {
		"0": "block/1",
		"2": "item/brown",
		"particle": "block/1"
	},
	"elements": [
		{
			"from": [3, 7, 2],
			"to": [15, 15, 22],
			"rotation": {"angle": 0, "axis": "y", "origin": [17, 9, 17]},
			"faces": {
				"north": {"uv": [7, 0.25, 8.5, 2.25], "texture": "#2"},
				"east": {"uv": [0, 2, 3, 4], "texture": "#2"},
				"south": {"uv": [7, 0.25, 8.5, 2.25], "texture": "#2"},
				"west": {"uv": [0, 0, 3, 2], "texture": "#2"},
				"up": {"uv": [3, 3, 5.25, 6.25], "texture": "#2"},
				"down": {"uv": [3, 1, 5, 2.25], "texture": "#2"}
			}
		},
		{
			"from": [5, 11, -6],
			"to": [13, 16, 2],
			"rotation": {"angle": 22.5, "axis": "x", "origin": [18, 13, 1]},
			"faces": {
				"north": {"uv": [0, 6.75, 2.75, 7.75], "texture": "#2"},
				"east": {"uv": [0, 0, 1.25, 2], "texture": "#2"},
				"south": {"uv": [0, 6.75, 2.75, 7.75], "texture": "#2"},
				"west": {"uv": [0, 0, 1.25, 2], "texture": "#2"},
				"up": {"uv": [0, 6.75, 2.75, 7.75], "texture": "#2"},
				"down": {"uv": [3, 2, 5, 3], "texture": "#2"}
			}
		},
		{
			"from": [7.5, 16.5, -9],
			"to": [10.5, 19.5, -4],
			"rotation": {"angle": 22.5, "axis": "x", "origin": [19, 18, -5]},
			"faces": {
				"north": {"uv": [0, 6.75, 2.75, 7.75], "texture": "#2"},
				"east": {"uv": [0, 0, 1.25, 2], "texture": "#2"},
				"south": {"uv": [0, 6.75, 2.75, 7.75], "texture": "#2"},
				"west": {"uv": [0, 6.75, 2.75, 7.75], "texture": "#2"},
				"up": {"uv": [0, 6.75, 2.75, 7.75], "texture": "#2"},
				"down": {"uv": [3, 2, 5, 3], "texture": "#2"}
			}
		},
		{
			"from": [8, 16, -8],
			"to": [10, 18, -2],
			"rotation": {"angle": 45, "axis": "x", "origin": [19, 26, -1]},
			"faces": {
				"north": {"uv": [0, 6.75, 2.75, 7.75], "texture": "#2"},
				"east": {"uv": [0, 6.75, 2.75, 7.75], "texture": "#2"},
				"south": {"uv": [0, 6.75, 2.75, 7.75], "texture": "#2"},
				"west": {"uv": [0, 6.75, 2.75, 7.75], "texture": "#2"},
				"up": {"uv": [0, 6.75, 2.75, 7.75], "texture": "#2"},
				"down": {"uv": [0, 6.75, 2.75, 7.75], "texture": "#2"}
			}
		},
		{
			"from": [5, 8.5, 21],
			"to": [13, 13.5, 29],
			"rotation": {"angle": 0, "axis": "x", "origin": [12, 16, 29]},
			"faces": {
				"north": {"uv": [0, 0, 8, 5], "texture": "#missing"},
				"east": {"uv": [12.75, 0, 14.25, 1], "texture": "#2"},
				"south": {"uv": [0, 0, 2.25, 0.75], "texture": "#2"},
				"west": {"uv": [12.75, 0, 14.25, 1], "texture": "#2"},
				"up": {"uv": [8.75, 0, 10.5, 1.75], "texture": "#2"},
				"down": {"uv": [10, 2.75, 11.25, 3.75], "texture": "#2"}
			}
		},
		{
			"from": [5, 13.5, 21],
			"to": [13, 14.5, 29],
			"rotation": {"angle": 0, "axis": "x", "origin": [12, 17, 29]},
			"faces": {
				"north": {"uv": [0, 0, 8, 5], "texture": "#missing"},
				"east": {"uv": [8.75, 0, 10.25, 1.25], "texture": "#2"},
				"south": {"uv": [0, 0, 2.25, 0.75], "texture": "#2"},
				"west": {"uv": [8.75, 0, 10.25, 1.25], "texture": "#2"},
				"up": {"uv": [8.75, 0, 10.25, 1.25], "texture": "#2"},
				"down": {"uv": [0, 0, 2.25, 0.75], "texture": "#2"}
			}
		},
		{
			"from": [6, 3, 23],
			"to": [12, 5, 30],
			"rotation": {"angle": 22.5, "axis": "x", "origin": [12, 9, 31]},
			"faces": {
				"north": {"uv": [0, 0, 6, 1], "texture": "#2"},
				"east": {"uv": [3.5, 1.5, 5, 2.25], "texture": "#2"},
				"south": {"uv": [0, 0, 2.25, 0.75], "texture": "#2"},
				"west": {"uv": [0, 0, 2.25, 0.75], "texture": "#2"},
				"up": {"uv": [10, 2.75, 11.25, 3.75], "texture": "#2"},
				"down": {"uv": [3, 0, 5, 1.25], "texture": "#2"}
			}
		},
		{
			"from": [7, 9, 29],
			"to": [10, 10, 32],
			"rotation": {"angle": 0, "axis": "y", "origin": [12, 15, 32]},
			"faces": {
				"north": {"uv": [0, 0, 6, 1], "texture": "#2"},
				"east": {"uv": [0, 0, 2.25, 0.75], "texture": "#2"},
				"south": {"uv": [0, 0, 2.25, 0.75], "texture": "#2"},
				"west": {"uv": [0, 0, 2.25, 0.75], "texture": "#2"},
				"up": {"uv": [0, 0, 2.25, 0.75], "texture": "#2"},
				"down": {"uv": [3, 0, 5, 1.25], "texture": "#2"}
			}
		},
		{
			"from": [7, 10, 29],
			"to": [10, 15, 32],
			"rotation": {"angle": 0, "axis": "y", "origin": [12, 16, 32]},
			"faces": {
				"north": {"uv": [0, 0, 6, 1], "texture": "#2"},
				"east": {"uv": [0, 0, 2.25, 0.75], "texture": "#2"},
				"south": {"uv": [0, 0, 2.25, 0.75], "texture": "#2"},
				"west": {"uv": [0, 0, 2.25, 0.75], "texture": "#2"},
				"up": {"uv": [0, 0, 2.25, 0.75], "texture": "#2"},
				"down": {"uv": [3, 0, 5, 1.25], "texture": "#2"}
			}
		},
		{
			"from": [17, 4, 17],
			"to": [24, 5, 21],
			"rotation": {"angle": -22.5, "axis": "z", "origin": [25, 12, 28]},
			"faces": {
				"north": {"uv": [0, 6.75, 2.75, 7.75], "texture": "#2"},
				"east": {"uv": [0, 6.75, 2.75, 7.75], "texture": "#2"},
				"south": {"uv": [0, 6.75, 2.75, 7.75], "texture": "#2"},
				"west": {"uv": [0, 0, 4, 1], "texture": "#0"},
				"up": {"uv": [0, 6.75, 2.75, 7.75], "texture": "#2"},
				"down": {"uv": [0, 6.75, 2.75, 7.75], "texture": "#2"}
			}
		},
		{
			"from": [-7, 7.3, 17],
			"to": [0, 8.3, 21],
			"rotation": {"angle": 22.5, "axis": "z", "origin": [1, 16, 28]},
			"faces": {
				"north": {"uv": [0, 6.75, 2.75, 7.75], "texture": "#2"},
				"east": {"uv": [0, 0, 4, 1], "texture": "#0"},
				"south": {"uv": [0, 6.75, 2.75, 7.75], "texture": "#2"},
				"west": {"uv": [0, 6.75, 2.75, 7.75], "texture": "#2"},
				"up": {"uv": [0, 6.75, 2.75, 7.75], "texture": "#2"},
				"down": {"uv": [0, 6.75, 2.75, 7.75], "texture": "#2"}
			}
		},
		{
			"from": [0.5, 14.7, -9],
			"to": [17.5, 15.7, -5],
			"rotation": {"angle": 45, "axis": "x", "origin": [8, 26, 2]},
			"faces": {
				"north": {"uv": [0, 6.75, 2.75, 7.75], "texture": "#2"},
				"east": {"uv": [0, 6.75, 2.75, 7.75], "texture": "#2"},
				"south": {"uv": [0, 6.75, 2.75, 7.75], "texture": "#2"},
				"west": {"uv": [0, 6.75, 2.75, 7.75], "texture": "#2"},
				"up": {"uv": [0, 6.75, 2.75, 7.75], "texture": "#2"},
				"down": {"uv": [0, 6.75, 2.75, 7.75], "texture": "#2"}
			}
		}
	],
	"display": {
		"thirdperson_righthand": {
			"rotation": [-25, -74, -46],
			"scale": [0.6, 0.6, 0.6]
		},
		"thirdperson_lefthand": {
			"rotation": [0, -90, 0],
			"scale": [0.6, 0.6, 0.6]
		},
		"firstperson_righthand": {
			"rotation": [-55, -35, 0],
			"translation": [0.25, 0, 0],
			"scale": [0.5, 0.5, 0.5]
		},
		"firstperson_lefthand": {
			"rotation": [-52, -17, 0],
			"scale": [0.5, 0.5, 0.5]
		},
		"ground": {
			"scale": [0.5, 0.5, 0.5]
		},
		"gui": {
			"rotation": [0, -56, 0],
			"scale": [0.4, 0.4, 0.4]
		},
		"head": {
			"scale": [0.1, 0.1, 0.1]
		},
		"fixed": {
			"rotation": [0, 90, 0],
			"translation": [0, 0, -1.75],
			"scale": [0.5, 0.5, 0.5]
		}
	}
}