{
	"credit": "Made with Blockbench",
	"textures": {
		"2": "item/gaebokchi",
		"3": "item/brown",
		"particle": "block/1"
	},
	"elements": [
		{
			"from": [10, 13, 1],
			"to": [14, 16, 18],
			"rotation": {"angle": 0, "axis": "y", "origin": [17, 16, 18]},
			"faces": {
				"north": {"uv": [7, 0.25, 8.5, 2.25], "texture": "#2"},
				"east": {"uv": [0, 2, 3, 4], "texture": "#2"},
				"south": {"uv": [7, 0.25, 8.5, 2.25], "texture": "#2"},
				"west": {"uv": [0, 2, 3, 4], "texture": "#2"},
				"up": {"uv": [3, 3, 5.25, 6.25], "texture": "#2"},
				"down": {"uv": [3, 1, 5, 2.25], "texture": "#2"}
			}
		},
		{
			"from": [10, 14, 18],
			"to": [14, 16, 21],
			"rotation": {"angle": 0, "axis": "y", "origin": [17, 16, 21]},
			"faces": {
				"north": {"uv": [7, 0.25, 8.5, 2.25], "texture": "#2"},
				"east": {"uv": [12.75, 0, 14.25, 1], "texture": "#2"},
				"south": {"uv": [7, 0.25, 8.5, 2.25], "texture": "#2"},
				"west": {"uv": [11.25, 0, 12.75, 1], "texture": "#2"},
				"up": {"uv": [3, 3, 5.25, 6.25], "texture": "#2"},
				"down": {"uv": [3, 1, 5, 2.25], "texture": "#2"}
			}
		},
		{
			"from": [10, 13, 18],
			"to": [14, 14, 21],
			"rotation": {"angle": 0, "axis": "y", "origin": [17, 15, 21]},
			"faces": {
				"north": {"uv": [7, 0.25, 8.5, 2.25], "texture": "#2"},
				"east": {"uv": [3.25, 0.75, 4.75, 1.75], "texture": "#2"},
				"south": {"uv": [7, 0.25, 8.5, 2.25], "texture": "#2"},
				"west": {"uv": [3.25, 0.75, 4.75, 1.75], "texture": "#2"},
				"up": {"uv": [3, 3, 5.25, 6.25], "texture": "#2"},
				"down": {"uv": [3, 1, 5, 2.25], "texture": "#2"}
			}
		},
		{
			"from": [14, 12.5, 15],
			"to": [15, 14.5, 19],
			"rotation": {"angle": -22.5, "axis": "y", "origin": [21, 15, 16]},
			"faces": {
				"north": {"uv": [3, 3, 5.25, 6.25], "texture": "#2"},
				"east": {"uv": [0, 2, 3, 4], "texture": "#2"},
				"south": {"uv": [7, 0.25, 8.5, 2.25], "texture": "#2"},
				"west": {"uv": [3, 3, 5.25, 6.25], "texture": "#2"},
				"up": {"uv": [3, 3, 5.25, 6.25], "texture": "#2"},
				"down": {"uv": [3, 1, 5, 2.25], "texture": "#2"}
			}
		},
		{
			"from": [8, 12.5, 10],
			"to": [9, 14.5, 14],
			"rotation": {"angle": 22.5, "axis": "y", "origin": [15, 15, 11]},
			"faces": {
				"north": {"uv": [3, 3, 5.25, 6.25], "texture": "#2"},
				"east": {"uv": [3, 3, 5.25, 6.25], "texture": "#2"},
				"south": {"uv": [7, 0.25, 8.5, 2.25], "texture": "#2"},
				"west": {"uv": [0, 2, 3, 4], "texture": "#2"},
				"up": {"uv": [3, 3, 5.25, 6.25], "texture": "#2"},
				"down": {"uv": [3, 1, 5, 2.25], "texture": "#2"}
			}
		},
		{
			"from": [10, 13, -4],
			"to": [14, 16, 1],
			"rotation": {"angle": 0, "axis": "y", "origin": [17, 16, 8]},
			"faces": {
				"north": {"uv": [3, 3, 5.25, 6.25], "texture": "#2"},
				"east": {"uv": [0, 2, 3, 4], "texture": "#2"},
				"south": {"uv": [7, 0.25, 8.5, 2.25], "texture": "#2"},
				"west": {"uv": [0, 2, 3, 4], "texture": "#2"},
				"up": {"uv": [3, 3, 5.25, 6.25], "texture": "#2"},
				"down": {"uv": [0, 2, 3, 4], "texture": "#2"}
			}
		},
		{
			"from": [10, 13.5, -9],
			"to": [14, 15.5, -4],
			"rotation": {"angle": 0, "axis": "y", "origin": [17, 16, 3]},
			"faces": {
				"north": {"uv": [0, 2, 3, 4], "texture": "#2"},
				"east": {"uv": [0, 2, 3, 4], "texture": "#2"},
				"south": {"uv": [7, 0.25, 8.5, 2.25], "texture": "#2"},
				"west": {"uv": [0, 2, 3, 4], "texture": "#2"},
				"up": {"uv": [3, 3, 5.25, 6.25], "texture": "#2"},
				"down": {"uv": [3, 1, 5, 2.25], "texture": "#2"}
			}
		},
		{
			"from": [11, 13, -11],
			"to": [13, 16, -10],
			"rotation": {"angle": 0, "axis": "y", "origin": [17, 12, 1]},
			"faces": {
				"north": {"uv": [0, 2, 3, 4], "texture": "#2"},
				"east": {"uv": [0, 2, 3, 4], "texture": "#2"},
				"south": {"uv": [7, 0.25, 8.5, 2.25], "texture": "#2"},
				"west": {"uv": [0, 2, 3, 4], "texture": "#2"},
				"up": {"uv": [3, 3, 5.25, 6.25], "texture": "#2"},
				"down": {"uv": [0, 2, 3, 4], "texture": "#2"}
			}
		},
		{
			"from": [11, 12, -10],
			"to": [13, 17, -9],
			"rotation": {"angle": 0, "axis": "y", "origin": [17, 12, 2]},
			"faces": {
				"north": {"uv": [0, 2, 3, 4], "texture": "#2"},
				"east": {"uv": [0, 2, 3, 4], "texture": "#2"},
				"south": {"uv": [7, 0.25, 8.5, 2.25], "texture": "#2"},
				"west": {"uv": [0, 2, 3, 4], "texture": "#2"},
				"up": {"uv": [3, 3, 5.25, 6.25], "texture": "#2"},
				"down": {"uv": [0, 2, 3, 4], "texture": "#2"}
			}
		},
		{
			"from": [11, 19.5, 18],
			"to": [13, 20.5, 20.5],
			"rotation": {"angle": -22.5, "axis": "x", "origin": [17, 22, 35]},
			"faces": {
				"north": {"uv": [7, 0.25, 8.5, 2.25], "texture": "#2"},
				"east": {"uv": [0, 2, 3, 4], "texture": "#2"},
				"south": {"uv": [7, 0.25, 8.5, 2.25], "texture": "#2"},
				"west": {"uv": [0, 0, 3, 2], "texture": "#2"},
				"up": {"uv": [10, 2.75, 11.25, 3.75], "texture": "#3"},
				"down": {"uv": [3, 1, 5, 2.25], "texture": "#2"}
			}
		},
		{
			"from": [11, 15, 21],
			"to": [13, 16, 23],
			"rotation": {"angle": 0, "axis": "y", "origin": [17, 16, 30]},
			"faces": {
				"north": {"uv": [7, 0.25, 8.5, 2.25], "texture": "#2"},
				"east": {"uv": [0, 2, 3, 4], "texture": "#2"},
				"south": {"uv": [7, 0.25, 8.5, 2.25], "texture": "#2"},
				"west": {"uv": [0, 0, 3, 2], "texture": "#2"},
				"up": {"uv": [3, 3, 5.25, 6.25], "texture": "#2"},
				"down": {"uv": [3, 1, 5, 2.25], "texture": "#2"}
			}
		},
		{
			"from": [10, 12, 1],
			"to": [14, 13, 20],
			"rotation": {"angle": 0, "axis": "y", "origin": [17, 14, 17]},
			"faces": {
				"north": {"uv": [7, 0.25, 8.5, 2.25], "texture": "#2"},
				"east": {"uv": [0, 2, 3, 4], "texture": "#2"},
				"south": {"uv": [7, 0.25, 8.5, 2.25], "texture": "#2"},
				"west": {"uv": [0, 0, 3, 2], "texture": "#2"},
				"up": {"uv": [3, 3, 5.25, 6.25], "texture": "#3"},
				"down": {"uv": [3, 1, 5, 2.25], "texture": "#2"}
			}
		},
		{
			"from": [10, 16, 1],
			"to": [14, 17, 21],
			"rotation": {"angle": 0, "axis": "y", "origin": [17, 17, 18]},
			"faces": {
				"north": {"uv": [3, 3, 5.25, 6.25], "texture": "#2"},
				"east": {"uv": [0, 0, 3, 1.25], "texture": "#2"},
				"south": {"uv": [0, 0, 3, 1.25], "texture": "#2"},
				"west": {"uv": [0, 0, 3, 1.25], "texture": "#2"},
				"up": {"uv": [3, 3, 5.25, 6.25], "texture": "#2"},
				"down": {"uv": [3, 1, 5, 2.25], "texture": "#2"}
			}
		},
		{
			"from": [11, 16, 2],
			"to": [13, 18, 20],
			"rotation": {"angle": 0, "axis": "y", "origin": [17, 18, 18]},
			"faces": {
				"north": {"uv": [3, 3, 5.25, 6.25], "texture": "#2"},
				"east": {"uv": [0, 0, 3, 1.25], "texture": "#2"},
				"south": {"uv": [0, 0, 3, 1.25], "texture": "#2"},
				"west": {"uv": [0, 0, 3, 1.25], "texture": "#2"},
				"up": {"uv": [3, 3, 5.25, 6.25], "texture": "#2"},
				"down": {"uv": [3, 1, 5, 2.25], "texture": "#2"}
			}
		},
		{
			"from": [11, 11, 2],
			"to": [13, 12, 20],
			"rotation": {"angle": 0, "axis": "y", "origin": [17, 12, 18]},
			"faces": {
				"north": {"uv": [7, 0.25, 8.5, 2.25], "texture": "#2"},
				"east": {"uv": [0, 0, 3, 1.25], "texture": "#2"},
				"south": {"uv": [0, 0, 3, 1.25], "texture": "#2"},
				"west": {"uv": [0, 0, 3, 1.25], "texture": "#2"},
				"up": {"uv": [3, 3, 5.25, 6.25], "texture": "#2"},
				"down": {"uv": [3, 1, 5, 2.25], "texture": "#2"}
			}
		},
		{
			"from": [11.5, 10, 2],
			"to": [12.5, 11, 2.2],
			"rotation": {"angle": 0, "axis": "y", "origin": [17, 11, 18]},
			"faces": {
				"north": {"uv": [7, 0.25, 8.5, 2.25], "texture": "#2"},
				"east": {"uv": [0, 0, 3, 1.25], "texture": "#2"},
				"south": {"uv": [0, 0, 3, 1.25], "texture": "#2"},
				"west": {"uv": [0, 0, 3, 1.25], "texture": "#2"},
				"up": {"uv": [3, 3, 5.25, 6.25], "texture": "#2"},
				"down": {"uv": [3, 1, 5, 2.25], "texture": "#2"}
			}
		},
		{
			"from": [11.5, 10, 2],
			"to": [12.5, 11, 2.2],
			"rotation": {"angle": 0, "axis": "y", "origin": [17, 11, 18]},
			"faces": {
				"north": {"uv": [7, 0.25, 8.5, 2.25], "texture": "#2"},
				"east": {"uv": [0, 0, 3, 1.25], "texture": "#2"},
				"south": {"uv": [0, 0, 3, 1.25], "texture": "#2"},
				"west": {"uv": [0, 0, 3, 1.25], "texture": "#2"},
				"up": {"uv": [3, 3, 5.25, 6.25], "texture": "#2"},
				"down": {"uv": [3, 1, 5, 2.25], "texture": "#2"}
			}
		},
		{
			"from": [11.5, 12, -1],
			"to": [12.5, 13, -0.8],
			"rotation": {"angle": 0, "axis": "y", "origin": [17, 13, 15]},
			"faces": {
				"north": {"uv": [7, 0.25, 8.5, 2.25], "texture": "#2"},
				"east": {"uv": [0, 0, 3, 1.25], "texture": "#2"},
				"south": {"uv": [0, 0, 3, 1.25], "texture": "#2"},
				"west": {"uv": [0, 0, 3, 1.25], "texture": "#2"},
				"up": {"uv": [3, 3, 5.25, 6.25], "texture": "#2"},
				"down": {"uv": [3, 1, 5, 2.25], "texture": "#2"}
			}
		},
		{
			"from": [11.5, 12, -2],
			"to": [12.5, 13, -1.8],
			"rotation": {"angle": 0, "axis": "y", "origin": [17, 13, 14]},
			"faces": {
				"north": {"uv": [7, 0.25, 8.5, 2.25], "texture": "#2"},
				"east": {"uv": [0, 0, 3, 1.25], "texture": "#2"},
				"south": {"uv": [0, 0, 3, 1.25], "texture": "#2"},
				"west": {"uv": [0, 0, 3, 1.25], "texture": "#2"},
				"up": {"uv": [3, 3, 5.25, 6.25], "texture": "#2"},
				"down": {"uv": [3, 1, 5, 2.25], "texture": "#2"}
			}
		},
		{
			"from": [11.5, 12, -3],
			"to": [12.5, 13, -2.8],
			"rotation": {"angle": 0, "axis": "y", "origin": [17, 13, 13]},
			"faces": {
				"north": {"uv": [7, 0.25, 8.5, 2.25], "texture": "#2"},
				"east": {"uv": [0, 0, 3, 1.25], "texture": "#2"},
				"south": {"uv": [0, 0, 3, 1.25], "texture": "#2"},
				"west": {"uv": [0, 0, 3, 1.25], "texture": "#2"},
				"up": {"uv": [3, 3, 5.25, 6.25], "texture": "#2"},
				"down": {"uv": [3, 1, 5, 2.25], "texture": "#2"}
			}
		},
		{
			"from": [11.5, 12, -4],
			"to": [12.5, 13, -3.8],
			"rotation": {"angle": 0, "axis": "y", "origin": [17, 13, 12]},
			"faces": {
				"north": {"uv": [7, 0.25, 8.5, 2.25], "texture": "#2"},
				"east": {"uv": [0, 0, 3, 1.25], "texture": "#2"},
				"south": {"uv": [0, 0, 3, 1.25], "texture": "#2"},
				"west": {"uv": [0, 0, 3, 1.25], "texture": "#2"},
				"up": {"uv": [3, 3, 5.25, 6.25], "texture": "#2"},
				"down": {"uv": [3, 1, 5, 2.25], "texture": "#2"}
			}
		},
		{
			"from": [11.5, 12, 0],
			"to": [12.5, 13, 0.2],
			"rotation": {"angle": 0, "axis": "y", "origin": [17, 13, 16]},
			"faces": {
				"north": {"uv": [7, 0.25, 8.5, 2.25], "texture": "#2"},
				"east": {"uv": [0, 0, 3, 1.25], "texture": "#2"},
				"south": {"uv": [0, 0, 3, 1.25], "texture": "#2"},
				"west": {"uv": [0, 0, 3, 1.25], "texture": "#2"},
				"up": {"uv": [3, 3, 5.25, 6.25], "texture": "#2"},
				"down": {"uv": [3, 1, 5, 2.25], "texture": "#2"}
			}
		},
		{
			"from": [11.5, 11, 1],
			"to": [12.5, 12, 1.2],
			"rotation": {"angle": 0, "axis": "y", "origin": [17, 12, 17]},
			"faces": {
				"north": {"uv": [7, 0.25, 8.5, 2.25], "texture": "#2"},
				"east": {"uv": [0, 0, 3, 1.25], "texture": "#2"},
				"south": {"uv": [0, 0, 3, 1.25], "texture": "#2"},
				"west": {"uv": [0, 0, 3, 1.25], "texture": "#2"},
				"up": {"uv": [3, 3, 5.25, 6.25], "texture": "#2"},
				"down": {"uv": [3, 1, 5, 2.25], "texture": "#2"}
			}
		},
		{
			"from": [11.75, 10, 2],
			"to": [12.25, 11, 19.2],
			"rotation": {"angle": 0, "axis": "y", "origin": [17, 11, 18]},
			"faces": {
				"north": {"uv": [7, 0.25, 8.5, 2.25], "texture": "#2"},
				"east": {"uv": [0, 0, 3, 1.25], "texture": "#2"},
				"south": {"uv": [0, 0, 3, 1.25], "texture": "#2"},
				"west": {"uv": [0, 0, 3, 1.25], "texture": "#2"},
				"up": {"uv": [3, 3, 5.25, 6.25], "texture": "#2"},
				"down": {"uv": [3, 1, 5, 2.25], "texture": "#2"}
			}
		},
		{
			"from": [11.75, 12, -4],
			"to": [12.25, 13, 1.2],
			"rotation": {"angle": 0, "axis": "y", "origin": [17, 13, 11]},
			"faces": {
				"north": {"uv": [7, 0.25, 8.5, 2.25], "texture": "#2"},
				"east": {"uv": [0, 0, 3, 1.25], "texture": "#2"},
				"south": {"uv": [0, 0, 3, 1.25], "texture": "#2"},
				"west": {"uv": [0, 0, 3, 1.25], "texture": "#2"},
				"up": {"uv": [3, 3, 5.25, 6.25], "texture": "#2"},
				"down": {"uv": [3, 1, 5, 2.25], "texture": "#2"}
			}
		},
		{
			"from": [11.75, 11, 1],
			"to": [12.25, 12, 2.2],
			"rotation": {"angle": 0, "axis": "y", "origin": [17, 12, 12]},
			"faces": {
				"north": {"uv": [7, 0.25, 8.5, 2.25], "texture": "#2"},
				"east": {"uv": [0, 0, 3, 1.25], "texture": "#2"},
				"south": {"uv": [0, 0, 3, 1.25], "texture": "#2"},
				"west": {"uv": [0, 0, 3, 1.25], "texture": "#2"},
				"up": {"uv": [3, 3, 5.25, 6.25], "texture": "#2"},
				"down": {"uv": [3, 1, 5, 2.25], "texture": "#2"}
			}
		},
		{
			"from": [11.5, 10, 3],
			"to": [12.5, 11, 3.2],
			"rotation": {"angle": 0, "axis": "y", "origin": [17, 11, 19]},
			"faces": {
				"north": {"uv": [7, 0.25, 8.5, 2.25], "texture": "#2"},
				"east": {"uv": [0, 0, 3, 1.25], "texture": "#2"},
				"south": {"uv": [0, 0, 3, 1.25], "texture": "#2"},
				"west": {"uv": [0, 0, 3, 1.25], "texture": "#2"},
				"up": {"uv": [3, 3, 5.25, 6.25], "texture": "#2"},
				"down": {"uv": [3, 1, 5, 2.25], "texture": "#2"}
			}
		},
		{
			"from": [11.5, 10, 4],
			"to": [12.5, 11, 4.2],
			"rotation": {"angle": 0, "axis": "y", "origin": [17, 11, 20]},
			"faces": {
				"north": {"uv": [7, 0.25, 8.5, 2.25], "texture": "#2"},
				"east": {"uv": [0, 0, 3, 1.25], "texture": "#2"},
				"south": {"uv": [0, 0, 3, 1.25], "texture": "#2"},
				"west": {"uv": [0, 0, 3, 1.25], "texture": "#2"},
				"up": {"uv": [3, 3, 5.25, 6.25], "texture": "#2"},
				"down": {"uv": [3, 1, 5, 2.25], "texture": "#2"}
			}
		},
		{
			"from": [11.5, 10, 5],
			"to": [12.5, 11, 5.2],
			"rotation": {"angle": 0, "axis": "y", "origin": [17, 11, 21]},
			"faces": {
				"north": {"uv": [7, 0.25, 8.5, 2.25], "texture": "#2"},
				"east": {"uv": [0, 0, 3, 1.25], "texture": "#2"},
				"south": {"uv": [0, 0, 3, 1.25], "texture": "#2"},
				"west": {"uv": [0, 0, 3, 1.25], "texture": "#2"},
				"up": {"uv": [3, 3, 5.25, 6.25], "texture": "#2"},
				"down": {"uv": [3, 1, 5, 2.25], "texture": "#2"}
			}
		},
		{
			"from": [11.5, 10, 7],
			"to": [12.5, 11, 7.2],
			"rotation": {"angle": 0, "axis": "y", "origin": [17, 11, 23]},
			"faces": {
				"north": {"uv": [7, 0.25, 8.5, 2.25], "texture": "#2"},
				"east": {"uv": [0, 0, 3, 1.25], "texture": "#2"},
				"south": {"uv": [0, 0, 3, 1.25], "texture": "#2"},
				"west": {"uv": [0, 0, 3, 1.25], "texture": "#2"},
				"up": {"uv": [3, 3, 5.25, 6.25], "texture": "#2"},
				"down": {"uv": [3, 1, 5, 2.25], "texture": "#2"}
			}
		},
		{
			"from": [11.5, 10, 8],
			"to": [12.5, 11, 8.2],
			"rotation": {"angle": 0, "axis": "y", "origin": [17, 11, 24]},
			"faces": {
				"north": {"uv": [7, 0.25, 8.5, 2.25], "texture": "#2"},
				"east": {"uv": [0, 0, 3, 1.25], "texture": "#2"},
				"south": {"uv": [0, 0, 3, 1.25], "texture": "#2"},
				"west": {"uv": [0, 0, 3, 1.25], "texture": "#2"},
				"up": {"uv": [3, 3, 5.25, 6.25], "texture": "#2"},
				"down": {"uv": [3, 1, 5, 2.25], "texture": "#2"}
			}
		},
		{
			"from": [11.5, 10, 9],
			"to": [12.5, 11, 9.2],
			"rotation": {"angle": 0, "axis": "y", "origin": [17, 11, 25]},
			"faces": {
				"north": {"uv": [7, 0.25, 8.5, 2.25], "texture": "#2"},
				"east": {"uv": [0, 0, 3, 1.25], "texture": "#2"},
				"south": {"uv": [0, 0, 3, 1.25], "texture": "#2"},
				"west": {"uv": [0, 0, 3, 1.25], "texture": "#2"},
				"up": {"uv": [3, 3, 5.25, 6.25], "texture": "#2"},
				"down": {"uv": [3, 1, 5, 2.25], "texture": "#2"}
			}
		},
		{
			"from": [11.5, 10, 10],
			"to": [12.5, 11, 10.2],
			"rotation": {"angle": 0, "axis": "y", "origin": [17, 11, 26]},
			"faces": {
				"north": {"uv": [7, 0.25, 8.5, 2.25], "texture": "#2"},
				"east": {"uv": [0, 0, 3, 1.25], "texture": "#2"},
				"south": {"uv": [0, 0, 3, 1.25], "texture": "#2"},
				"west": {"uv": [0, 0, 3, 1.25], "texture": "#2"},
				"up": {"uv": [3, 3, 5.25, 6.25], "texture": "#2"},
				"down": {"uv": [3, 1, 5, 2.25], "texture": "#2"}
			}
		},
		{
			"from": [11.5, 10, 11],
			"to": [12.5, 11, 11.2],
			"rotation": {"angle": 0, "axis": "y", "origin": [17, 11, 27]},
			"faces": {
				"north": {"uv": [7, 0.25, 8.5, 2.25], "texture": "#2"},
				"east": {"uv": [0, 0, 3, 1.25], "texture": "#2"},
				"south": {"uv": [0, 0, 3, 1.25], "texture": "#2"},
				"west": {"uv": [0, 0, 3, 1.25], "texture": "#2"},
				"up": {"uv": [3, 3, 5.25, 6.25], "texture": "#2"},
				"down": {"uv": [3, 1, 5, 2.25], "texture": "#2"}
			}
		},
		{
			"from": [11.5, 10, 12],
			"to": [12.5, 11, 12.2],
			"rotation": {"angle": 0, "axis": "y", "origin": [17, 11, 28]},
			"faces": {
				"north": {"uv": [7, 0.25, 8.5, 2.25], "texture": "#2"},
				"east": {"uv": [0, 0, 3, 1.25], "texture": "#2"},
				"south": {"uv": [0, 0, 3, 1.25], "texture": "#2"},
				"west": {"uv": [0, 0, 3, 1.25], "texture": "#2"},
				"up": {"uv": [3, 3, 5.25, 6.25], "texture": "#2"},
				"down": {"uv": [3, 1, 5, 2.25], "texture": "#2"}
			}
		},
		{
			"from": [11.5, 10, 13],
			"to": [12.5, 11, 13.2],
			"rotation": {"angle": 0, "axis": "y", "origin": [17, 11, 29]},
			"faces": {
				"north": {"uv": [7, 0.25, 8.5, 2.25], "texture": "#2"},
				"east": {"uv": [0, 0, 3, 1.25], "texture": "#2"},
				"south": {"uv": [0, 0, 3, 1.25], "texture": "#2"},
				"west": {"uv": [0, 0, 3, 1.25], "texture": "#2"},
				"up": {"uv": [3, 3, 5.25, 6.25], "texture": "#2"},
				"down": {"uv": [3, 1, 5, 2.25], "texture": "#2"}
			}
		},
		{
			"from": [11.5, 10, 14],
			"to": [12.5, 11, 14.2],
			"rotation": {"angle": 0, "axis": "y", "origin": [17, 11, 30]},
			"faces": {
				"north": {"uv": [7, 0.25, 8.5, 2.25], "texture": "#2"},
				"east": {"uv": [0, 0, 3, 1.25], "texture": "#2"},
				"south": {"uv": [0, 0, 3, 1.25], "texture": "#2"},
				"west": {"uv": [0, 0, 3, 1.25], "texture": "#2"},
				"up": {"uv": [3, 3, 5.25, 6.25], "texture": "#2"},
				"down": {"uv": [3, 1, 5, 2.25], "texture": "#2"}
			}
		},
		{
			"from": [11.5, 10, 16],
			"to": [12.5, 11, 16.2],
			"rotation": {"angle": 0, "axis": "y", "origin": [17, 11, 32]},
			"faces": {
				"north": {"uv": [7, 0.25, 8.5, 2.25], "texture": "#2"},
				"east": {"uv": [0, 0, 3, 1.25], "texture": "#2"},
				"south": {"uv": [0, 0, 3, 1.25], "texture": "#2"},
				"west": {"uv": [0, 0, 3, 1.25], "texture": "#2"},
				"up": {"uv": [3, 3, 5.25, 6.25], "texture": "#2"},
				"down": {"uv": [3, 1, 5, 2.25], "texture": "#2"}
			}
		},
		{
			"from": [11.5, 10, 17],
			"to": [12.5, 11, 17.2],
			"rotation": {"angle": 0, "axis": "y", "origin": [17, 11, 33]},
			"faces": {
				"north": {"uv": [7, 0.25, 8.5, 2.25], "texture": "#2"},
				"east": {"uv": [0, 0, 3, 1.25], "texture": "#2"},
				"south": {"uv": [0, 0, 3, 1.25], "texture": "#2"},
				"west": {"uv": [0, 0, 3, 1.25], "texture": "#2"},
				"up": {"uv": [3, 3, 5.25, 6.25], "texture": "#2"},
				"down": {"uv": [3, 1, 5, 2.25], "texture": "#2"}
			}
		},
		{
			"from": [11.5, 10, 18],
			"to": [12.5, 11, 18.2],
			"rotation": {"angle": 0, "axis": "y", "origin": [17, 11, 34]},
			"faces": {
				"north": {"uv": [7, 0.25, 8.5, 2.25], "texture": "#2"},
				"east": {"uv": [0, 0, 3, 1.25], "texture": "#2"},
				"south": {"uv": [0, 0, 3, 1.25], "texture": "#2"},
				"west": {"uv": [0, 0, 3, 1.25], "texture": "#2"},
				"up": {"uv": [3, 3, 5.25, 6.25], "texture": "#2"},
				"down": {"uv": [3, 1, 5, 2.25], "texture": "#2"}
			}
		},
		{
			"from": [11.5, 10, 19],
			"to": [12.5, 11, 19.2],
			"rotation": {"angle": 0, "axis": "y", "origin": [17, 11, 35]},
			"faces": {
				"north": {"uv": [7, 0.25, 8.5, 2.25], "texture": "#2"},
				"east": {"uv": [0, 0, 3, 1.25], "texture": "#2"},
				"south": {"uv": [0, 0, 3, 1.25], "texture": "#2"},
				"west": {"uv": [0, 0, 3, 1.25], "texture": "#2"},
				"up": {"uv": [3, 3, 5.25, 6.25], "texture": "#2"},
				"down": {"uv": [3, 1, 5, 2.25], "texture": "#2"}
			}
		},
		{
			"from": [11.5, 10, 15],
			"to": [12.5, 11, 15.2],
			"rotation": {"angle": 0, "axis": "y", "origin": [17, 11, 31]},
			"faces": {
				"north": {"uv": [7, 0.25, 8.5, 2.25], "texture": "#2"},
				"east": {"uv": [0, 0, 3, 1.25], "texture": "#2"},
				"south": {"uv": [0, 0, 3, 1.25], "texture": "#2"},
				"west": {"uv": [0, 0, 3, 1.25], "texture": "#2"},
				"up": {"uv": [3, 3, 5.25, 6.25], "texture": "#2"},
				"down": {"uv": [3, 1, 5, 2.25], "texture": "#2"}
			}
		},
		{
			"from": [11.5, 10, 6],
			"to": [12.5, 11, 6.2],
			"rotation": {"angle": 0, "axis": "y", "origin": [17, 11, 22]},
			"faces": {
				"north": {"uv": [7, 0.25, 8.5, 2.25], "texture": "#2"},
				"east": {"uv": [0, 0, 3, 1.25], "texture": "#2"},
				"south": {"uv": [0, 0, 3, 1.25], "texture": "#2"},
				"west": {"uv": [0, 0, 3, 1.25], "texture": "#2"},
				"up": {"uv": [3, 3, 5.25, 6.25], "texture": "#2"},
				"down": {"uv": [3, 1, 5, 2.25], "texture": "#2"}
			}
		}
	],
	"display": {
		"thirdperson_righthand": {
			"rotation": [-25, -74, -54],
			"translation": [-2, -1.25, -2.25],
			"scale": [0.5, 0.5, 0.5]
		},
		"thirdperson_lefthand": {
			"rotation": [0, -90, 0],
			"translation": [0.75, -0.75, 2.5],
			"scale": [0.5, 0.55, 0.5]
		},
		"firstperson_righthand": {
			"rotation": [-25, -160, 0],
			"translation": [0.25, 0, 0],
			"scale": [0.5, 0.5, 0.5]
		},
		"firstperson_lefthand": {
			"rotation": [-5, -159, 0],
			"scale": [0.5, 0.5, 0.5]
		},
		"ground": {
			"scale": [0.5, 0.5, 0.5]
		},
		"gui": {
			"rotation": [0, -56, 0],
			"scale": [0.4, 0.4, 0.4]
		},
		"head": {
			"scale": [0.1, 0.1, 0.1]
		},
		"fixed": {
			"rotation": [0, 90, 0],
			"translation": [0, 0, -1.75],
			"scale": [0.5, 0.5, 0.5]
		}
	}
}