{
	"__comment": "",
	"textures": {
		"particle": "iron_block",
		"texture": "log_big_oak"
	},
	"elements": [ 	 
		{
			"__comment": "Box1",
			"from": [ 7, 0, 8 ],
			"to": [ 8, 16, 9 ],
			"faces": {
				"down": { "uv": [ 7, 7, 8, 8 ], "texture": "#texture" },
				"up": { "uv": [ 7, 8, 8, 9 ], "texture": "#texture" },
				"north": { "uv": [ 8, 0, 9, 16 ], "texture": "#texture" },
				"south": { "uv": [ 7, 0, 8, 16 ], "texture": "#texture" },
				"west": { "uv": [ 8, 0, 9, 16 ], "texture": "#texture" },
				"east": { "uv": [ 7, 0, 8, 16 ], "texture": "#texture" }
			}
		},
		{
			"__comment": "Box2",
			"from": [ 7, 16, 8 ],
			"to": [ 8, 21.5, 9 ],
			"faces": {
				"down": { "uv": [ 7, 7, 8, 8 ], "texture": "#texture" },
				"up": { "uv": [ 7, 8, 8, 9 ], "texture": "#texture" },
				"north": { "uv": [ 7, 10.5, 8, 16 ], "texture": "#texture" },
				"south": { "uv": [ 7, 10.5, 8, 16 ], "texture": "#texture" },
				"west": { "uv": [ 7, 10.5, 8, 16 ], "texture": "#texture" },
				"east": { "uv": [ 7, 10.5, 8, 16 ], "texture": "#texture" }
			}
		},
		{
			"__comment": "Box2",
			"from": [ 6.85, 19.5, 4.5 ],
			"to": [ 8.1, 20.75, 9.5 ],
			"faces": {
				"down": { "uv": [ 11.5, 4, 12.5, 9.5 ], "texture": "#particle", "rotation": 180 },
				"up": { "uv": [ 7, 8, 8, 13.5 ], "texture": "#particle", "rotation": 180 },
				"north": { "uv": [ 7, 10.5, 8, 11.5 ], "texture": "#particle" },
				"south": { "uv": [ 8.5, 11.5, 9.5, 12.5 ], "texture": "#particle" },
				"west": { "uv": [ 6, 10, 10, 11 ], "texture": "#particle" },
				"east": { "uv": [ 7, 4, 11, 5 ], "texture": "#particle" }
			}
		}
	],
	"display": {
		"thirdperson_righthand": {
			"translation":  [ 0, 0, 0.6956 ],
			"scale":  [ 1.3, 1.3, 1.3 ]
		},
		"thirdperson_lefthand": {
			"translation":  [ 0, 0, 0.6956 ],
			"scale":  [ 1.3, 1.3, 1.3 ]
		},
		"firstperson_righthand": {
			"rotation":  [ 14, 0, 0 ],
			"translation":  [ 0.6956, 0, 0 ]
		},
		"firstperson_lefthand": {
			"rotation":  [ 14, 0, 0 ]
		},
		"gui": {
			"rotation":  [ 36, -47, 55 ],
			"translation":  [ 2, -2.086, 5.5652 ]
		},
		"ground": {
			"rotation":  [ 42, 0, 0 ]
		},
		"fixed": {
			"rotation":  [ 0, 90, 0 ],
			"translation":  [ -0.695, -2.782, 0 ]
		}
	}
}